TIME;Code 2021;AGE;VALUE;GENDER
2021;CZ010;From 65 to 69 years;40617;Females
2019;CZ010;Less than 5 years;36572;Females
2019;CZ010;From 5 to 9 years;34544;Females
2019;CZ010;From 10 to 14 years;29531;Females
2019;CZ010;From 15 to 19 years;23132;Females
2019;CZ010;From 20 to 24 years;27649;Females
2019;CZ010;From 25 to 29 years;42448;Females
2019;CZ010;From 30 to 34 years;53911;Females
2019;CZ010;From 35 to 39 years;56953;Females
2019;CZ010;From 40 to 44 years;60478;Females
2019;CZ010;From 45 to 49 years;45730;Females
2019;CZ010;From 50 to 54 years;40171;Females
2019;CZ010;From 55 to 59 years;35876;Females
2019;CZ010;From 60 to 64 years;38837;Females
2019;CZ010;From 65 to 69 years;41262;Females
2019;CZ010;From 70 to 74 years;41186;Females
2019;CZ010;From 75 to 79 years;26438;Females
2019;CZ010;From 80 to 84 years;16776;Females
2019;CZ010;From 85 to 89 years;12493;Females
2019;CZ010;85 years or over;19129;Females
2019;CZ010;90 years or over;6636;Females
2020;CZ010;Less than 5 years;36511;Females
2020;CZ010;From 5 to 9 years;34696;Females
2020;CZ010;From 10 to 14 years;31582;Females
2020;CZ010;From 15 to 19 years;24400;Females
2020;CZ010;From 20 to 24 years;27132;Females
2020;CZ010;From 25 to 29 years;41219;Females
2020;CZ010;From 30 to 34 years;53856;Females
2020;CZ010;From 35 to 39 years;55918;Females
2020;CZ010;From 40 to 44 years;61297;Females
2020;CZ010;From 45 to 49 years;49464;Females
2020;CZ010;From 50 to 54 years;39570;Females
2020;CZ010;From 55 to 59 years;37758;Females
2020;CZ010;From 60 to 64 years;36571;Females
2020;CZ010;From 65 to 69 years;41189;Females
2020;CZ010;From 70 to 74 years;40673;Females
2020;CZ010;From 75 to 79 years;29490;Females
2020;CZ010;From 80 to 84 years;16689;Females
2020;CZ010;From 85 to 89 years;12185;Females
2020;CZ010;85 years or over;18976;Females
2020;CZ010;90 years or over;6791;Females
2021;CZ010;Less than 5 years;36030;Females
2021;CZ010;From 5 to 9 years;34600;Females
2021;CZ010;From 10 to 14 years;33113;Females
2021;CZ010;From 15 to 19 years;25513;Females
2021;CZ010;From 20 to 24 years;27302;Females
2021;CZ010;From 25 to 29 years;39764;Females
2021;CZ010;From 30 to 34 years;53746;Females
2021;CZ010;From 35 to 39 years;55992;Females
2021;CZ010;From 40 to 44 years;60673;Females
2021;CZ010;From 45 to 49 years;52830;Females
2021;CZ010;From 50 to 54 years;39902;Females
2021;CZ010;From 55 to 59 years;39014;Females
2021;CZ010;From 60 to 64 years;34733;Females
2021;CZ010;From 70 to 74 years;40536;Females
2021;CZ010;From 75 to 79 years;31325;Females
2021;CZ010;From 80 to 84 years;17230;Females
2021;CZ010;From 85 to 89 years;11608;Females
2021;CZ010;85 years or over;18510;Females
2021;CZ010;90 years or over;6902;Females
2019;CZ010;Less than 5 years;38664;Males
2019;CZ010;From 5 to 9 years;36306;Males
2019;CZ010;From 10 to 14 years;31051;Males
2019;CZ010;From 15 to 19 years;24248;Males
2019;CZ010;From 20 to 24 years;27456;Males
2019;CZ010;From 25 to 29 years;42320;Males
2019;CZ010;From 30 to 34 years;54635;Males
2019;CZ010;From 35 to 39 years;59221;Males
2019;CZ010;From 40 to 44 years;63915;Males
2019;CZ010;From 45 to 49 years;48645;Males
2019;CZ010;From 50 to 54 years;40632;Males
2019;CZ010;From 55 to 59 years;34441;Males
2019;CZ010;From 60 to 64 years;34168;Males
2019;CZ010;From 65 to 69 years;33735;Males
2019;CZ010;From 70 to 74 years;30699;Males
2019;CZ010;From 75 to 79 years;18764;Males
2019;CZ010;From 80 to 84 years;10017;Males
2019;CZ010;From 85 to 89 years;6368;Males
2019;CZ010;85 years or over;9092;Males
2019;CZ010;90 years or over;2724;Males
2020;CZ010;Less than 5 years;38565;Males
2020;CZ010;From 5 to 9 years;36313;Males
2020;CZ010;From 10 to 14 years;33180;Males
2020;CZ010;From 15 to 19 years;25685;Males
2020;CZ010;From 20 to 24 years;27585;Males
2020;CZ010;From 25 to 29 years;41480;Males
2020;CZ010;From 30 to 34 years;54789;Males
2020;CZ010;From 35 to 39 years;58333;Males
2020;CZ010;From 40 to 44 years;64825;Males
2020;CZ010;From 45 to 49 years;52850;Males
2020;CZ010;From 50 to 54 years;40362;Males
2020;CZ010;From 55 to 59 years;36583;Males
2020;CZ010;From 60 to 64 years;32587;Males
2020;CZ010;From 65 to 69 years;33744;Males
2020;CZ010;From 70 to 74 years;30400;Males
2020;CZ010;From 75 to 79 years;20729;Males
2020;CZ010;From 80 to 84 years;10216;Males
2020;CZ010;From 85 to 89 years;6289;Males
2020;CZ010;85 years or over;9060;Males
2020;CZ010;90 years or over;2771;Males
2021;CZ010;Less than 5 years;37776;Males
2021;CZ010;From 5 to 9 years;36240;Males
2021;CZ010;From 10 to 14 years;35065;Males
2021;CZ010;From 15 to 19 years;26715;Males
2021;CZ010;From 20 to 24 years;27850;Males
2021;CZ010;From 25 to 29 years;40380;Males
2021;CZ010;From 65 to 69 years;33465;Males
2021;CZ010;From 45 to 49 years;56311;Males
2021;CZ010;From 50 to 54 years;41057;Males
2021;CZ010;From 55 to 59 years;37833;Males
2021;CZ010;From 60 to 64 years;31547;Males
2021;CZ010;From 35 to 39 years;58311;Males
2021;CZ010;From 30 to 34 years;55134;Males
2021;CZ010;From 40 to 44 years;64542;Males
2021;CZ010;From 70 to 74 years;30390;Males
2021;CZ010;From 75 to 79 years;21592;Males
2021;CZ010;From 80 to 84 years;10626;Males
2021;CZ010;From 85 to 89 years;5953;Males
2021;CZ010;85 years or over;8820;Males
2021;CZ010;90 years or over;2867;Males
2019;CZ020;Less than 5 years;40731;Males
2019;CZ020;From 5 to 9 years;43138;Males
2019;CZ020;From 10 to 14 years;40192;Males
2019;CZ020;From 15 to 19 years;31493;Males
2019;CZ020;From 20 to 24 years;31366;Males
2019;CZ020;From 25 to 29 years;40962;Males
2019;CZ020;From 30 to 34 years;45399;Males
2019;CZ020;From 35 to 39 years;53195;Males
2019;CZ020;From 40 to 44 years;66440;Males
2019;CZ020;From 45 to 49 years;54085;Males
2019;CZ020;From 50 to 54 years;44748;Males
2019;CZ020;From 55 to 59 years;38112;Males
2019;CZ020;From 60 to 64 years;40165;Males
2019;CZ020;From 65 to 69 years;39317;Males
2019;CZ020;From 70 to 74 years;32599;Males
2019;CZ020;From 75 to 79 years;18134;Males
2019;CZ020;From 80 to 84 years;9622;Males
2019;CZ020;From 85 to 89 years;5202;Males
2019;CZ020;85 years or over;6998;Males
2019;CZ020;90 years or over;1796;Males
2020;CZ020;Less than 5 years;40917;Males
2020;CZ020;From 5 to 9 years;42897;Males
2020;CZ020;From 10 to 14 years;42391;Males
2020;CZ020;From 15 to 19 years;33104;Males
2020;CZ020;From 20 to 24 years;30635;Males
2020;CZ020;From 25 to 29 years;40307;Males
2020;CZ020;From 30 to 34 years;45453;Males
2020;CZ020;From 35 to 39 years;51608;Males
2020;CZ020;From 40 to 44 years;65598;Males
2020;CZ020;From 45 to 49 years;58719;Males
2020;CZ020;From 50 to 54 years;44988;Males
2020;CZ020;From 55 to 59 years;40317;Males
2020;CZ020;From 60 to 64 years;38518;Males
2020;CZ020;From 65 to 69 years;39360;Males
2020;CZ020;From 70 to 74 years;33609;Males
2020;CZ020;From 75 to 79 years;19761;Males
2020;CZ020;From 80 to 84 years;9841;Males
2020;CZ020;From 85 to 89 years;5250;Males
2020;CZ020;85 years or over;7176;Males
2020;CZ020;90 years or over;1926;Males
2021;CZ020;Less than 5 years;40754;Males
2021;CZ020;From 5 to 9 years;42751;Males
2021;CZ020;From 10 to 14 years;44162;Males
2021;CZ020;From 15 to 19 years;34793;Males
2021;CZ020;From 20 to 24 years;30728;Males
2021;CZ020;From 25 to 29 years;38608;Males
2021;CZ020;From 30 to 34 years;45428;Males
2021;CZ020;From 35 to 39 years;51069;Males
2021;CZ020;From 40 to 44 years;63900;Males
2021;CZ020;From 45 to 49 years;62581;Males
2021;CZ020;From 50 to 54 years;46363;Males
2021;CZ020;From 55 to 59 years;42065;Males
2021;CZ020;From 60 to 64 years;37037;Males
2021;CZ020;From 65 to 69 years;39148;Males
2021;CZ020;From 75 to 79 years;20679;Males
2021;CZ020;From 80 to 84 years;10299;Males
2021;CZ020;From 85 to 89 years;5058;Males
2021;CZ020;85 years or over;7068;Males
2021;CZ020;90 years or over;2010;Males
2019;CZ020;Less than 5 years;38913;Females
2019;CZ020;From 5 to 9 years;41105;Females
2019;CZ020;From 10 to 14 years;37862;Females
2019;CZ020;From 15 to 19 years;29648;Females
2019;CZ020;From 20 to 24 years;29538;Females
2019;CZ020;From 25 to 29 years;39245;Females
2019;CZ020;From 30 to 34 years;44934;Females
2019;CZ020;From 35 to 39 years;52797;Females
2019;CZ020;From 40 to 44 years;63829;Females
2019;CZ020;From 45 to 49 years;50479;Females
2019;CZ020;From 50 to 54 years;42297;Females
2019;CZ020;From 55 to 59 years;37189;Females
2019;CZ020;From 60 to 64 years;42211;Females
2019;CZ020;From 65 to 69 years;44415;Females
2019;CZ020;From 70 to 74 years;39777;Females
2019;CZ020;From 75 to 79 years;25678;Females
2019;CZ020;From 80 to 84 years;16666;Females
2019;CZ020;From 85 to 89 years;11014;Females
2019;CZ020;85 years or over;16053;Females
2019;CZ020;90 years or over;5039;Females
2020;CZ020;Less than 5 years;38967;Females
2020;CZ020;From 5 to 9 years;40919;Females
2020;CZ020;From 10 to 14 years;40037;Females
2020;CZ020;From 15 to 19 years;30919;Females
2020;CZ020;From 20 to 24 years;28826;Females
2020;CZ020;From 25 to 29 years;38390;Females
2020;CZ020;From 30 to 34 years;44658;Females
2020;CZ020;From 35 to 39 years;50987;Females
2020;CZ020;From 40 to 44 years;63845;Females
2020;CZ020;From 45 to 49 years;54526;Females
2020;CZ020;From 50 to 54 years;42433;Females
2020;CZ020;From 55 to 59 years;39102;Females
2020;CZ020;From 60 to 64 years;40255;Females
2020;CZ020;From 65 to 69 years;44254;Females
2020;CZ020;From 70 to 74 years;41007;Females
2020;CZ020;From 75 to 79 years;27633;Females
2020;CZ020;From 80 to 84 years;16790;Females
2020;CZ020;From 85 to 89 years;11168;Females
2020;CZ020;85 years or over;16394;Females
2020;CZ020;90 years or over;5226;Females
2021;CZ020;Less than 5 years;38997;Females
2021;CZ020;From 5 to 9 years;40816;Females
2021;CZ020;From 10 to 14 years;41801;Females
2021;CZ020;From 15 to 19 years;32366;Females
2021;CZ020;From 20 to 24 years;28671;Females
2021;CZ020;From 25 to 29 years;36772;Females
2021;CZ020;From 30 to 34 years;44594;Females
2021;CZ020;From 35 to 39 years;50371;Females
2021;CZ020;From 40 to 44 years;62176;Females
2021;CZ020;From 45 to 49 years;58516;Females
2021;CZ020;From 50 to 54 years;43396;Females
2021;CZ020;From 55 to 59 years;40554;Females
2021;CZ020;From 60 to 64 years;38550;Females
2021;CZ020;From 65 to 69 years;43809;Females
2021;CZ020;From 70 to 74 years;42192;Females
2021;CZ020;From 75 to 79 years;28880;Females
2021;CZ020;From 80 to 84 years;17332;Females
2021;CZ020;From 85 to 89 years;10946;Females
2021;CZ020;85 years or over;16218;Females
2021;CZ020;90 years or over;5272;Females
2021;CZ020;From 70 to 74 years;34553;Males
2019;CZ031;Less than 5 years;16340;Females
2019;CZ031;From 5 to 9 years;16538;Females
2019;CZ031;From 10 to 14 years;16418;Females
2019;CZ031;From 15 to 19 years;14079;Females
2019;CZ031;From 20 to 24 years;14820;Females
2019;CZ031;From 25 to 29 years;19445;Females
2019;CZ031;From 30 to 34 years;19926;Females
2019;CZ031;From 35 to 39 years;21850;Females
2019;CZ031;From 40 to 44 years;26828;Females
2019;CZ031;From 45 to 49 years;23185;Females
2019;CZ031;From 50 to 54 years;20454;Females
2019;CZ031;From 55 to 59 years;19623;Females
2019;CZ031;From 60 to 64 years;22173;Females
2019;CZ031;From 65 to 69 years;22089;Females
2019;CZ031;From 70 to 74 years;19915;Females
2019;CZ031;From 75 to 79 years;13411;Females
2019;CZ031;From 80 to 84 years;9131;Females
2019;CZ031;From 85 to 89 years;5953;Females
2019;CZ031;85 years or over;8640;Females
2019;CZ031;90 years or over;2687;Females
2020;CZ031;Less than 5 years;16447;Females
2020;CZ031;From 5 to 9 years;16197;Females
2020;CZ031;From 10 to 14 years;17025;Females
2020;CZ031;From 15 to 19 years;14371;Females
2020;CZ031;From 20 to 24 years;14225;Females
2020;CZ031;From 25 to 29 years;18942;Females
2020;CZ031;From 30 to 34 years;19881;Females
2020;CZ031;From 35 to 39 years;21107;Females
2020;CZ031;From 40 to 44 years;26188;Females
2020;CZ031;From 45 to 49 years;24600;Females
2020;CZ031;From 50 to 54 years;20381;Females
2020;CZ031;From 55 to 59 years;20134;Females
2020;CZ031;From 60 to 64 years;21370;Females
2020;CZ031;From 65 to 69 years;22197;Females
2020;CZ031;From 70 to 74 years;20327;Females
2020;CZ031;From 75 to 79 years;14220;Females
2020;CZ031;From 80 to 84 years;9249;Females
2020;CZ031;From 85 to 89 years;5953;Females
2020;CZ031;85 years or over;8754;Females
2020;CZ031;90 years or over;2801;Females
2021;CZ031;Less than 5 years;16467;Females
2021;CZ031;From 5 to 9 years;15964;Females
2021;CZ031;From 10 to 14 years;17526;Females
2021;CZ031;From 15 to 19 years;14681;Females
2021;CZ031;From 20 to 24 years;14013;Females
2021;CZ031;From 25 to 29 years;17982;Females
2021;CZ031;From 30 to 34 years;19797;Females
2021;CZ031;From 35 to 39 years;20604;Females
2021;CZ031;From 40 to 44 years;25289;Females
2021;CZ031;From 45 to 49 years;25712;Females
2021;CZ031;From 50 to 54 years;20628;Females
2021;CZ031;From 55 to 59 years;20437;Females
2021;CZ031;From 60 to 64 years;20524;Females
2021;CZ031;From 65 to 69 years;22231;Females
2021;CZ031;From 70 to 74 years;20925;Females
2021;CZ031;From 75 to 79 years;14615;Females
2021;CZ031;From 80 to 84 years;9399;Females
2021;CZ031;From 85 to 89 years;5895;Females
2021;CZ031;85 years or over;8709;Females
2021;CZ031;90 years or over;2814;Females
2019;CZ031;Less than 5 years;17225;Males
2019;CZ031;From 5 to 9 years;17499;Males
2019;CZ031;From 10 to 14 years;17210;Males
2019;CZ031;From 15 to 19 years;14941;Males
2019;CZ031;From 20 to 24 years;15708;Males
2019;CZ031;From 25 to 29 years;20650;Males
2019;CZ031;From 30 to 34 years;21368;Males
2019;CZ031;From 35 to 39 years;23237;Males
2019;CZ031;From 40 to 44 years;27663;Males
2019;CZ031;From 45 to 49 years;23731;Males
2019;CZ031;From 50 to 54 years;21198;Males
2019;CZ031;From 55 to 59 years;19593;Males
2019;CZ031;From 60 to 64 years;21841;Males
2019;CZ031;From 65 to 69 years;20238;Males
2019;CZ031;From 70 to 74 years;16344;Males
2019;CZ031;From 75 to 79 years;9623;Males
2019;CZ031;From 80 to 84 years;5208;Males
2019;CZ031;From 85 to 89 years;3032;Males
2019;CZ031;85 years or over;3991;Males
2019;CZ031;90 years or over;959;Males
2020;CZ031;Less than 5 years;17278;Males
2020;CZ031;From 5 to 9 years;17153;Males
2020;CZ031;From 10 to 14 years;17819;Males
2020;CZ031;From 15 to 19 years;15093;Males
2020;CZ031;From 20 to 24 years;15255;Males
2020;CZ031;From 25 to 29 years;20366;Males
2020;CZ031;From 30 to 34 years;21132;Males
2020;CZ031;From 35 to 39 years;22461;Males
2020;CZ031;From 40 to 44 years;27439;Males
2020;CZ031;From 45 to 49 years;25232;Males
2020;CZ031;From 50 to 54 years;21020;Males
2020;CZ031;From 55 to 59 years;20184;Males
2020;CZ031;From 60 to 64 years;20951;Males
2020;CZ031;From 65 to 69 years;20530;Males
2020;CZ031;From 70 to 74 years;17000;Males
2020;CZ031;From 75 to 79 years;10233;Males
2020;CZ031;From 80 to 84 years;5267;Males
2020;CZ031;From 85 to 89 years;3037;Males
2020;CZ031;85 years or over;4055;Males
2020;CZ031;90 years or over;1018;Males
2021;CZ031;Less than 5 years;17218;Males
2021;CZ031;From 5 to 9 years;17076;Males
2021;CZ031;From 10 to 14 years;18239;Males
2021;CZ031;From 15 to 19 years;15380;Males
2021;CZ031;From 20 to 24 years;14981;Males
2021;CZ031;From 25 to 29 years;19284;Males
2021;CZ031;From 30 to 34 years;21191;Males
2021;CZ031;From 35 to 39 years;21944;Males
2021;CZ031;From 40 to 44 years;26561;Males
2021;CZ031;From 45 to 49 years;26281;Males
2021;CZ031;From 50 to 54 years;21156;Males
2021;CZ031;From 55 to 59 years;20538;Males
2021;CZ031;From 60 to 64 years;20059;Males
2021;CZ031;From 65 to 69 years;20491;Males
2021;CZ031;From 70 to 74 years;17665;Males
2021;CZ031;From 75 to 79 years;10455;Males
2021;CZ031;From 80 to 84 years;5548;Males
2021;CZ031;From 85 to 89 years;2909;Males
2021;CZ031;85 years or over;3981;Males
2021;CZ031;90 years or over;1072;Males
2019;CZ032;Less than 5 years;15432;Males
2019;CZ032;From 5 to 9 years;15423;Males
2019;CZ032;From 10 to 14 years;15299;Males
2019;CZ032;From 15 to 19 years;12821;Males
2019;CZ032;From 20 to 24 years;13887;Males
2019;CZ032;From 25 to 29 years;18680;Males
2019;CZ032;From 30 to 34 years;20694;Males
2019;CZ032;From 35 to 39 years;22482;Males
2019;CZ032;From 40 to 44 years;26321;Males
2019;CZ032;From 45 to 49 years;22435;Males
2019;CZ032;From 50 to 54 years;19537;Males
2019;CZ032;From 55 to 59 years;17464;Males
2019;CZ032;From 60 to 64 years;18807;Males
2019;CZ032;From 65 to 69 years;18237;Males
2019;CZ032;From 70 to 74 years;15030;Males
2019;CZ032;From 75 to 79 years;9261;Males
2019;CZ032;From 80 to 84 years;4960;Males
2019;CZ032;From 85 to 89 years;2598;Males
2019;CZ032;85 years or over;3456;Males
2019;CZ032;90 years or over;858;Males
2020;CZ032;Less than 5 years;15620;Males
2020;CZ032;From 5 to 9 years;15121;Males
2020;CZ032;From 10 to 14 years;16102;Males
2020;CZ032;From 15 to 19 years;13126;Males
2020;CZ032;From 20 to 24 years;13548;Males
2020;CZ032;From 25 to 29 years;18586;Males
2020;CZ032;From 30 to 34 years;20999;Males
2020;CZ032;From 35 to 39 years;22246;Males
2020;CZ032;From 40 to 44 years;25988;Males
2020;CZ032;From 45 to 49 years;24036;Males
2020;CZ032;From 50 to 54 years;19573;Males
2020;CZ032;From 55 to 59 years;18210;Males
2020;CZ032;From 60 to 64 years;18086;Males
2020;CZ032;From 65 to 69 years;18291;Males
2020;CZ032;From 70 to 74 years;15430;Males
2020;CZ032;From 75 to 79 years;9807;Males
2020;CZ032;From 80 to 84 years;5126;Males
2020;CZ032;From 85 to 89 years;2601;Males
2020;CZ032;85 years or over;3499;Males
2020;CZ032;90 years or over;898;Males
2021;CZ032;Less than 5 years;15528;Males
2021;CZ032;From 5 to 9 years;15041;Males
2021;CZ032;From 10 to 14 years;16534;Males
2021;CZ032;From 15 to 19 years;13489;Males
2021;CZ032;From 20 to 24 years;13353;Males
2021;CZ032;From 25 to 29 years;17792;Males
2021;CZ032;From 30 to 34 years;20831;Males
2021;CZ032;From 35 to 39 years;21961;Males
2021;CZ032;From 40 to 44 years;25302;Males
2021;CZ032;From 45 to 49 years;25288;Males
2021;CZ032;From 50 to 54 years;19801;Males
2021;CZ032;From 55 to 59 years;18746;Males
2021;CZ032;From 60 to 64 years;17234;Males
2021;CZ032;From 65 to 69 years;18286;Males
2021;CZ032;From 70 to 74 years;15828;Males
2021;CZ032;From 75 to 79 years;9981;Males
2021;CZ032;From 80 to 84 years;5347;Males
2021;CZ032;From 85 to 89 years;2532;Males
2021;CZ032;85 years or over;3476;Males
2021;CZ032;90 years or over;944;Males
2019;CZ032;Less than 5 years;14539;Females
2019;CZ032;From 5 to 9 years;15010;Females
2019;CZ032;From 10 to 14 years;14607;Females
2019;CZ032;From 15 to 19 years;12419;Females
2019;CZ032;From 20 to 24 years;12989;Females
2019;CZ032;From 25 to 29 years;17546;Females
2019;CZ032;From 30 to 34 years;19117;Females
2019;CZ032;From 35 to 39 years;20626;Females
2019;CZ032;From 40 to 44 years;25043;Females
2019;CZ032;From 45 to 49 years;20825;Females
2019;CZ032;From 50 to 54 years;18545;Females
2019;CZ032;From 55 to 59 years;17358;Females
2019;CZ032;From 60 to 64 years;19614;Females
2019;CZ032;From 65 to 69 years;19971;Females
2019;CZ032;From 70 to 74 years;18420;Females
2019;CZ032;From 75 to 79 years;12336;Females
2019;CZ032;From 80 to 84 years;8081;Females
2019;CZ032;From 85 to 89 years;5230;Females
2019;CZ032;85 years or over;7400;Females
2019;CZ032;90 years or over;2170;Females
2020;CZ032;Less than 5 years;14771;Females
2020;CZ032;From 5 to 9 years;14702;Females
2020;CZ032;From 10 to 14 years;15377;Females
2020;CZ032;From 15 to 19 years;12663;Females
2020;CZ032;From 20 to 24 years;12696;Females
2020;CZ032;From 25 to 29 years;17134;Females
2020;CZ032;From 30 to 34 years;19231;Females
2020;CZ032;From 35 to 39 years;20206;Females
2020;CZ032;From 40 to 44 years;24529;Females
2020;CZ032;From 45 to 49 years;22474;Females
2020;CZ032;From 50 to 54 years;18368;Females
2020;CZ032;From 55 to 59 years;18005;Females
2020;CZ032;From 60 to 64 years;18812;Females
2020;CZ032;From 65 to 69 years;20036;Females
2020;CZ032;From 70 to 74 years;18588;Females
2020;CZ032;From 75 to 79 years;13186;Females
2020;CZ032;From 80 to 84 years;8152;Females
2020;CZ032;From 85 to 89 years;5272;Females
2020;CZ032;85 years or over;7575;Females
2020;CZ032;90 years or over;2303;Females
2021;CZ032;Less than 5 years;14887;Females
2021;CZ032;From 5 to 9 years;14414;Females
2021;CZ032;From 10 to 14 years;15896;Females
2021;CZ032;From 15 to 19 years;12921;Females
2021;CZ032;From 20 to 24 years;12637;Females
2021;CZ032;From 25 to 29 years;16335;Females
2021;CZ032;From 30 to 34 years;19000;Females
2021;CZ032;From 35 to 39 years;20028;Females
2021;CZ032;From 40 to 44 years;23669;Females
2021;CZ032;From 45 to 49 years;23882;Females
2021;CZ032;From 50 to 54 years;18536;Females
2021;CZ032;From 55 to 59 years;18355;Females
2021;CZ032;From 60 to 64 years;17946;Females
2021;CZ032;From 65 to 69 years;20122;Females
2021;CZ032;From 70 to 74 years;18942;Females
2021;CZ032;From 75 to 79 years;13719;Females
2021;CZ032;From 80 to 84 years;8384;Females
2021;CZ032;From 85 to 89 years;5149;Females
2021;CZ032;85 years or over;7550;Females
2021;CZ032;90 years or over;2401;Females
2019;CZ041;90 years or over;1027;Females
2020;CZ041;Less than 5 years;6829;Females
2020;CZ041;From 5 to 9 years;7039;Females
2020;CZ041;From 10 to 14 years;7935;Females
2020;CZ041;From 15 to 19 years;6587;Females
2020;CZ041;From 20 to 24 years;6566;Females
2020;CZ041;From 25 to 29 years;8532;Females
2020;CZ041;From 30 to 34 years;9140;Females
2020;CZ041;From 35 to 39 years;9219;Females
2020;CZ041;From 40 to 44 years;11996;Females
2020;CZ041;From 45 to 49 years;11567;Females
2020;CZ041;From 50 to 54 years;9914;Females
2020;CZ041;From 55 to 59 years;9462;Females
2020;CZ041;From 60 to 64 years;9841;Females
2020;CZ041;From 65 to 69 years;10695;Females
2020;CZ041;From 70 to 74 years;9610;Females
2020;CZ041;From 75 to 79 years;6580;Females
2020;CZ041;From 80 to 84 years;4198;Females
2020;CZ041;From 85 to 89 years;2279;Females
2020;CZ041;85 years or over;3360;Females
2020;CZ041;90 years or over;1081;Females
2021;CZ041;Less than 5 years;6733;Females
2021;CZ041;From 5 to 9 years;6774;Females
2021;CZ041;From 10 to 14 years;8173;Females
2021;CZ041;From 15 to 19 years;6620;Females
2021;CZ041;From 20 to 24 years;6492;Females
2021;CZ041;From 25 to 29 years;8025;Females
2021;CZ041;From 30 to 34 years;9070;Females
2021;CZ041;From 35 to 39 years;9091;Females
2021;CZ041;From 40 to 44 years;11287;Females
2021;CZ041;From 45 to 49 years;12152;Females
2021;CZ041;From 50 to 54 years;9981;Females
2021;CZ041;From 55 to 59 years;9630;Females
2021;CZ041;From 60 to 64 years;9475;Females
2021;CZ041;From 65 to 69 years;10440;Females
2021;CZ041;From 70 to 74 years;10100;Females
2021;CZ041;From 75 to 79 years;6478;Females
2021;CZ041;From 80 to 84 years;4469;Females
2021;CZ041;From 85 to 89 years;2263;Females
2021;CZ041;85 years or over;3308;Females
2021;CZ041;90 years or over;1045;Females
2019;CZ041;85 years or over;3271;Females
2019;CZ041;Less than 5 years;6959;Males
2019;CZ041;From 5 to 9 years;7811;Males
2019;CZ041;From 10 to 14 years;8058;Males
2019;CZ041;From 15 to 19 years;6974;Males
2019;CZ041;From 20 to 24 years;7294;Males
2019;CZ041;From 25 to 29 years;9476;Males
2019;CZ041;From 30 to 34 years;9920;Males
2019;CZ041;From 35 to 39 years;10352;Males
2019;CZ041;From 40 to 44 years;12746;Males
2019;CZ041;From 45 to 49 years;11592;Males
2019;CZ041;From 50 to 54 years;10354;Males
2019;CZ041;From 55 to 59 years;9322;Males
2019;CZ041;From 60 to 64 years;9750;Males
2019;CZ041;From 65 to 69 years;9475;Males
2019;CZ041;From 70 to 74 years;7323;Males
2019;CZ041;From 75 to 79 years;4425;Males
2019;CZ041;From 80 to 84 years;2329;Males
2019;CZ041;From 85 to 89 years;1178;Males
2019;CZ041;85 years or over;1514;Males
2019;CZ041;90 years or over;336;Males
2020;CZ041;Less than 5 years;7002;Males
2020;CZ041;From 5 to 9 years;7497;Males
2020;CZ041;From 10 to 14 years;8448;Males
2020;CZ041;From 15 to 19 years;7099;Males
2020;CZ041;From 20 to 24 years;6981;Males
2020;CZ041;From 25 to 29 years;9130;Males
2020;CZ041;From 30 to 34 years;9851;Males
2020;CZ041;From 35 to 39 years;10035;Males
2020;CZ041;From 40 to 44 years;12364;Males
2020;CZ041;From 45 to 49 years;12155;Males
2020;CZ041;From 50 to 54 years;10269;Males
2020;CZ041;From 55 to 59 years;9725;Males
2020;CZ041;From 60 to 64 years;9303;Males
2020;CZ041;From 65 to 69 years;9443;Males
2020;CZ041;From 70 to 74 years;7676;Males
2020;CZ041;From 75 to 79 years;4563;Males
2020;CZ041;From 80 to 84 years;2443;Males
2020;CZ041;From 85 to 89 years;1214;Males
2020;CZ041;85 years or over;1610;Males
2020;CZ041;90 years or over;396;Males
2021;CZ041;Less than 5 years;6975;Males
2021;CZ041;From 5 to 9 years;7209;Males
2021;CZ041;From 10 to 14 years;8654;Males
2021;CZ041;From 15 to 19 years;7155;Males
2021;CZ041;From 20 to 24 years;6873;Males
2021;CZ041;From 25 to 29 years;8677;Males
2021;CZ041;From 30 to 34 years;9699;Males
2021;CZ041;From 35 to 39 years;9977;Males
2021;CZ041;From 40 to 44 years;11781;Males
2021;CZ041;From 45 to 49 years;12661;Males
2021;CZ041;From 50 to 54 years;10282;Males
2021;CZ041;From 55 to 59 years;9994;Males
2021;CZ041;From 60 to 64 years;9087;Males
2021;CZ041;From 65 to 69 years;9280;Males
2021;CZ041;From 70 to 74 years;8011;Males
2021;CZ041;From 75 to 79 years;4524;Males
2021;CZ041;From 80 to 84 years;2579;Males
2021;CZ041;From 85 to 89 years;1186;Males
2021;CZ041;85 years or over;1595;Males
2021;CZ041;90 years or over;409;Males
2019;CZ041;Less than 5 years;6760;Females
2019;CZ041;From 5 to 9 years;7330;Females
2019;CZ041;From 10 to 14 years;7543;Females
2019;CZ041;From 15 to 19 years;6572;Females
2019;CZ041;From 20 to 24 years;6843;Females
2019;CZ041;From 25 to 29 years;8783;Females
2019;CZ041;From 30 to 34 years;9190;Females
2019;CZ041;From 35 to 39 years;9594;Females
2019;CZ041;From 40 to 44 years;12443;Females
2019;CZ041;From 45 to 49 years;11008;Females
2019;CZ041;From 50 to 54 years;9959;Females
2019;CZ041;From 55 to 59 years;9221;Females
2019;CZ041;From 60 to 64 years;10163;Females
2019;CZ041;From 65 to 69 years;10857;Females
2019;CZ041;From 70 to 74 years;9256;Females
2019;CZ041;From 75 to 79 years;6393;Females
2019;CZ041;From 80 to 84 years;4036;Females
2019;CZ041;From 85 to 89 years;2244;Females
2019;CZ042;From 20 to 24 years;19595;Females
2019;CZ042;From 25 to 29 years;24378;Females
2019;CZ042;From 30 to 34 years;25033;Females
2019;CZ042;From 35 to 39 years;27500;Females
2019;CZ042;From 40 to 44 years;34474;Females
2019;CZ042;From 45 to 49 years;30419;Females
2019;CZ042;From 50 to 54 years;26668;Females
2019;CZ042;From 55 to 59 years;23566;Females
2019;CZ042;From 60 to 64 years;27245;Females
2019;CZ042;From 65 to 69 years;29871;Females
2019;CZ042;From 70 to 74 years;26065;Females
2019;CZ042;From 75 to 79 years;16745;Females
2019;CZ042;From 80 to 84 years;9789;Females
2019;CZ042;From 85 to 89 years;5860;Females
2019;CZ042;85 years or over;8670;Females
2019;CZ042;90 years or over;2810;Females
2020;CZ042;Less than 5 years;20274;Females
2020;CZ042;From 5 to 9 years;20762;Females
2020;CZ042;From 10 to 14 years;23160;Females
2020;CZ042;From 15 to 19 years;19507;Females
2020;CZ042;From 20 to 24 years;18948;Females
2020;CZ042;From 25 to 29 years;23837;Females
2020;CZ042;From 30 to 34 years;24824;Females
2020;CZ042;From 35 to 39 years;26269;Females
2020;CZ042;From 40 to 44 years;33405;Females
2020;CZ042;From 45 to 49 years;32539;Females
2020;CZ042;From 50 to 54 years;26253;Females
2020;CZ042;From 55 to 59 years;24673;Females
2020;CZ042;From 60 to 64 years;25695;Females
2020;CZ042;From 65 to 69 years;29290;Females
2020;CZ042;From 70 to 74 years;27222;Females
2020;CZ042;From 75 to 79 years;17542;Females
2020;CZ042;From 80 to 84 years;10213;Females
2020;CZ042;From 85 to 89 years;5933;Females
2020;CZ042;85 years or over;8789;Females
2020;CZ042;90 years or over;2856;Females
2021;CZ042;Less than 5 years;20048;Females
2021;CZ042;From 5 to 9 years;20419;Females
2021;CZ042;From 10 to 14 years;23564;Females
2021;CZ042;From 15 to 19 years;19945;Females
2021;CZ042;From 20 to 24 years;18720;Females
2021;CZ042;From 25 to 29 years;22721;Females
2021;CZ042;From 30 to 34 years;24670;Females
2021;CZ042;From 35 to 39 years;25648;Females
2021;CZ042;From 40 to 44 years;31728;Females
2021;CZ042;From 45 to 49 years;33947;Females
2021;CZ042;From 50 to 54 years;26517;Females
2021;CZ042;From 55 to 59 years;25445;Females
2021;CZ042;From 60 to 64 years;24412;Females
2021;CZ042;From 65 to 69 years;28373;Females
2021;CZ042;From 70 to 74 years;28669;Females
2021;CZ042;From 75 to 79 years;17647;Females
2021;CZ042;From 80 to 84 years;10717;Females
2021;CZ042;From 85 to 89 years;5748;Females
2021;CZ042;85 years or over;8537;Females
2021;CZ042;90 years or over;2789;Females
2019;CZ042;Less than 5 years;21218;Males
2019;CZ042;From 5 to 9 years;22739;Males
2019;CZ042;From 10 to 14 years;23391;Males
2019;CZ042;From 15 to 19 years;20239;Males
2019;CZ042;From 20 to 24 years;20573;Males
2019;CZ042;From 25 to 29 years;26761;Males
2019;CZ042;From 30 to 34 years;28173;Males
2019;CZ042;From 35 to 39 years;30371;Males
2019;CZ042;From 40 to 44 years;37049;Males
2019;CZ042;From 45 to 49 years;32427;Males
2019;CZ042;From 50 to 54 years;27806;Males
2019;CZ042;From 55 to 59 years;24374;Males
2019;CZ042;From 60 to 64 years;25365;Males
2019;CZ042;From 65 to 69 years;25520;Males
2019;CZ042;From 70 to 74 years;20860;Males
2019;CZ042;From 75 to 79 years;11369;Males
2019;CZ042;From 80 to 84 years;5596;Males
2019;CZ042;From 85 to 89 years;2701;Males
2019;CZ042;85 years or over;3564;Males
2019;CZ042;90 years or over;863;Males
2020;CZ042;Less than 5 years;21032;Males
2020;CZ042;From 5 to 9 years;22170;Males
2020;CZ042;From 10 to 14 years;24193;Males
2020;CZ042;From 15 to 19 years;20663;Males
2020;CZ042;From 20 to 24 years;19870;Males
2020;CZ042;From 25 to 29 years;26165;Males
2020;CZ042;From 30 to 34 years;27817;Males
2020;CZ042;From 35 to 39 years;29223;Males
2020;CZ042;From 40 to 44 years;36120;Males
2020;CZ042;From 45 to 49 years;34441;Males
2020;CZ042;From 50 to 54 years;27662;Males
2020;CZ042;From 55 to 59 years;25651;Males
2020;CZ042;From 60 to 64 years;24285;Males
2020;CZ042;From 65 to 69 years;25086;Males
2020;CZ042;From 70 to 74 years;21735;Males
2020;CZ042;From 75 to 79 years;12102;Males
2020;CZ042;From 80 to 84 years;5870;Males
2020;CZ042;From 85 to 89 years;2783;Males
2020;CZ042;85 years or over;3678;Males
2020;CZ042;90 years or over;895;Males
2021;CZ042;Less than 5 years;20809;Males
2021;CZ042;From 5 to 9 years;21568;Males
2021;CZ042;From 10 to 14 years;24748;Males
2021;CZ042;From 15 to 19 years;21047;Males
2021;CZ042;From 20 to 24 years;19670;Males
2021;CZ042;From 25 to 29 years;24883;Males
2021;CZ042;From 30 to 34 years;27296;Males
2021;CZ042;From 35 to 39 years;28731;Males
2021;CZ042;From 40 to 44 years;34392;Males
2021;CZ042;From 45 to 49 years;35804;Males
2021;CZ042;From 50 to 54 years;27724;Males
2021;CZ042;From 55 to 59 years;26429;Males
2021;CZ042;From 60 to 64 years;23166;Males
2021;CZ042;From 65 to 69 years;24403;Males
2021;CZ042;From 70 to 74 years;22666;Males
2021;CZ042;From 75 to 79 years;12138;Males
2021;CZ042;From 80 to 84 years;6101;Males
2021;CZ042;From 85 to 89 years;2799;Males
2021;CZ042;85 years or over;3702;Males
2021;CZ042;90 years or over;903;Males
2019;CZ042;Less than 5 years;20311;Females
2019;CZ042;From 5 to 9 years;21483;Females
2019;CZ042;From 10 to 14 years;22500;Females
2019;CZ042;From 15 to 19 years;19082;Females
2019;CZ051;Less than 5 years;11443;Females
2019;CZ051;From 5 to 9 years;11870;Females
2019;CZ051;From 10 to 14 years;11685;Females
2019;CZ051;From 15 to 19 years;9892;Females
2019;CZ051;From 20 to 24 years;10334;Females
2019;CZ051;From 25 to 29 years;13331;Females
2019;CZ051;From 30 to 34 years;14041;Females
2019;CZ051;From 35 to 39 years;15295;Females
2019;CZ051;From 40 to 44 years;19014;Females
2019;CZ051;From 45 to 49 years;16208;Females
2019;CZ051;From 50 to 54 years;13909;Females
2019;CZ051;From 55 to 59 years;12572;Females
2019;CZ051;From 60 to 64 years;14206;Females
2019;CZ051;From 65 to 69 years;16269;Females
2019;CZ051;From 70 to 74 years;14363;Females
2019;CZ051;From 75 to 79 years;9118;Females
2019;CZ051;From 80 to 84 years;5469;Females
2019;CZ051;From 85 to 89 years;3675;Females
2019;CZ051;85 years or over;5546;Females
2019;CZ051;90 years or over;1871;Females
2020;CZ051;Less than 5 years;11620;Females
2020;CZ051;From 5 to 9 years;11497;Females
2020;CZ051;From 10 to 14 years;12230;Females
2020;CZ051;From 15 to 19 years;10048;Females
2020;CZ051;From 20 to 24 years;10050;Females
2020;CZ051;From 25 to 29 years;12891;Females
2020;CZ051;From 30 to 34 years;13941;Females
2020;CZ051;From 35 to 39 years;14794;Females
2020;CZ051;From 40 to 44 years;18408;Females
2020;CZ051;From 45 to 49 years;17388;Females
2020;CZ051;From 50 to 54 years;13774;Females
2020;CZ051;From 55 to 59 years;13177;Females
2020;CZ051;From 60 to 64 years;13391;Females
2020;CZ051;From 65 to 69 years;15956;Females
2020;CZ051;From 70 to 74 years;14947;Females
2020;CZ051;From 75 to 79 years;9586;Females
2020;CZ051;From 80 to 84 years;5731;Females
2020;CZ051;From 85 to 89 years;3675;Females
2020;CZ051;85 years or over;5600;Females
2020;CZ051;90 years or over;1925;Females
2021;CZ051;Less than 5 years;11533;Females
2021;CZ051;From 5 to 9 years;11308;Females
2021;CZ051;From 10 to 14 years;12675;Females
2021;CZ051;From 15 to 19 years;10167;Females
2021;CZ051;From 20 to 24 years;10017;Females
2021;CZ051;From 25 to 29 years;12166;Females
2021;CZ051;From 30 to 34 years;13873;Females
2021;CZ051;From 35 to 39 years;14392;Females
2021;CZ051;From 40 to 44 years;17601;Females
2021;CZ051;From 45 to 49 years;18274;Females
2021;CZ051;From 50 to 54 years;13937;Females
2021;CZ051;From 55 to 59 years;13491;Females
2021;CZ051;From 60 to 64 years;12863;Females
2021;CZ051;From 65 to 69 years;15305;Females
2021;CZ051;From 70 to 74 years;15695;Females
2021;CZ051;From 75 to 79 years;9910;Females
2021;CZ051;From 80 to 84 years;5978;Females
2021;CZ051;From 85 to 89 years;3551;Females
2021;CZ051;85 years or over;5444;Females
2021;CZ051;90 years or over;1893;Females
2019;CZ051;Less than 5 years;12099;Males
2019;CZ051;From 5 to 9 years;12542;Males
2019;CZ051;From 10 to 14 years;12113;Males
2019;CZ051;From 15 to 19 years;10536;Males
2019;CZ051;From 20 to 24 years;10964;Males
2019;CZ051;From 25 to 29 years;14304;Males
2019;CZ051;From 30 to 34 years;14843;Males
2019;CZ051;From 35 to 39 years;16372;Males
2019;CZ051;From 40 to 44 years;20136;Males
2019;CZ051;From 45 to 49 years;16971;Males
2019;CZ051;From 50 to 54 years;14112;Males
2019;CZ051;From 55 to 59 years;12400;Males
2019;CZ051;From 60 to 64 years;13166;Males
2019;CZ051;From 65 to 69 years;13947;Males
2019;CZ051;From 70 to 74 years;11571;Males
2019;CZ051;From 75 to 79 years;6245;Males
2019;CZ051;From 80 to 84 years;3154;Males
2019;CZ051;From 85 to 89 years;1763;Males
2019;CZ051;85 years or over;2316;Males
2019;CZ051;90 years or over;553;Males
2020;CZ051;Less than 5 years;12155;Males
2020;CZ051;From 5 to 9 years;12200;Males
2020;CZ051;From 10 to 14 years;12634;Males
2020;CZ051;From 15 to 19 years;10703;Males
2020;CZ051;From 20 to 24 years;10699;Males
2020;CZ051;From 25 to 29 years;13983;Males
2020;CZ051;From 30 to 34 years;14819;Males
2020;CZ051;From 35 to 39 years;15755;Males
2020;CZ051;From 40 to 44 years;19711;Males
2020;CZ051;From 45 to 49 years;18282;Males
2020;CZ051;From 50 to 54 years;14072;Males
2020;CZ051;From 55 to 59 years;13027;Males
2020;CZ051;From 60 to 64 years;12535;Males
2020;CZ051;From 65 to 69 years;13726;Males
2020;CZ051;From 70 to 74 years;11951;Males
2020;CZ051;From 75 to 79 years;6787;Males
2020;CZ051;From 80 to 84 years;3256;Males
2020;CZ051;From 85 to 89 years;1802;Males
2020;CZ051;85 years or over;2366;Males
2020;CZ051;90 years or over;564;Males
2021;CZ051;Less than 5 years;12090;Males
2021;CZ051;From 5 to 9 years;11902;Males
2021;CZ051;From 10 to 14 years;13180;Males
2021;CZ051;From 15 to 19 years;10761;Males
2021;CZ051;From 20 to 24 years;10578;Males
2021;CZ051;From 25 to 29 years;13304;Males
2021;CZ051;From 30 to 34 years;14669;Males
2021;CZ051;From 35 to 39 years;15306;Males
2021;CZ051;From 40 to 44 years;18896;Males
2021;CZ051;From 45 to 49 years;19060;Males
2021;CZ051;From 50 to 54 years;14315;Males
2021;CZ051;From 55 to 59 years;13331;Males
2021;CZ051;From 60 to 64 years;11968;Males
2021;CZ051;From 65 to 69 years;13206;Males
2021;CZ051;From 70 to 74 years;12515;Males
2021;CZ051;From 75 to 79 years;6930;Males
2021;CZ051;From 80 to 84 years;3489;Males
2021;CZ051;From 85 to 89 years;1745;Males
2021;CZ051;85 years or over;2347;Males
2021;CZ051;90 years or over;602;Males
2019;CZ052;Less than 5 years;14283;Males
2019;CZ052;From 5 to 9 years;14721;Males
2019;CZ052;From 10 to 14 years;14890;Males
2019;CZ052;From 15 to 19 years;12879;Males
2019;CZ052;From 20 to 24 years;13842;Males
2019;CZ052;From 25 to 29 years;17567;Males
2019;CZ052;From 30 to 34 years;17935;Males
2019;CZ052;From 35 to 39 years;19289;Males
2019;CZ052;From 40 to 44 years;24160;Males
2019;CZ052;From 45 to 49 years;20765;Males
2019;CZ052;From 50 to 54 years;17982;Males
2019;CZ052;From 55 to 59 years;16026;Males
2019;CZ052;From 60 to 64 years;17765;Males
2019;CZ052;From 65 to 69 years;17545;Males
2019;CZ052;From 70 to 74 years;14668;Males
2019;CZ052;From 75 to 79 years;8666;Males
2019;CZ052;From 80 to 84 years;4814;Males
2019;CZ052;From 85 to 89 years;2865;Males
2019;CZ052;85 years or over;3794;Males
2019;CZ052;90 years or over;929;Males
2020;CZ052;Less than 5 years;14320;Males
2020;CZ052;From 5 to 9 years;14359;Males
2020;CZ052;From 10 to 14 years;15442;Males
2020;CZ052;From 15 to 19 years;12995;Males
2020;CZ052;From 20 to 24 years;13523;Males
2020;CZ052;From 25 to 29 years;17120;Males
2020;CZ052;From 30 to 34 years;17939;Males
2020;CZ052;From 35 to 39 years;18644;Males
2020;CZ052;From 40 to 44 years;23469;Males
2020;CZ052;From 45 to 49 years;22037;Males
2020;CZ052;From 50 to 54 years;17923;Males
2019;CZ052;From 15 to 19 years;12076;Females
2019;CZ052;From 20 to 24 years;12571;Females
2019;CZ052;From 25 to 29 years;16369;Females
2019;CZ052;From 30 to 34 years;16669;Females
2019;CZ052;From 35 to 39 years;17886;Females
2019;CZ052;From 40 to 44 years;22792;Females
2019;CZ052;From 45 to 49 years;19878;Females
2019;CZ052;From 50 to 54 years;17334;Females
2019;CZ052;From 55 to 59 years;16171;Females
2019;CZ052;From 60 to 64 years;18822;Females
2019;CZ052;From 65 to 69 years;20108;Females
2019;CZ052;From 70 to 74 years;18463;Females
2019;CZ052;From 75 to 79 years;12415;Females
2019;CZ052;From 80 to 84 years;8063;Females
2019;CZ052;From 85 to 89 years;5481;Females
2019;CZ052;85 years or over;8130;Females
2019;CZ052;90 years or over;2649;Females
2020;CZ052;Less than 5 years;13604;Females
2020;CZ052;From 5 to 9 years;13570;Females
2020;CZ052;From 10 to 14 years;14718;Females
2020;CZ052;From 15 to 19 years;12181;Females
2020;CZ052;From 20 to 24 years;12304;Females
2020;CZ052;From 25 to 29 years;15831;Females
2020;CZ052;From 30 to 34 years;16515;Females
2020;CZ052;From 35 to 39 years;17215;Females
2020;CZ052;From 40 to 44 years;22077;Females
2020;CZ052;From 45 to 49 years;21030;Females
2020;CZ052;From 50 to 54 years;17367;Females
2020;CZ052;From 55 to 59 years;16612;Females
2020;CZ052;From 60 to 64 years;17774;Females
2020;CZ052;From 65 to 69 years;20119;Females
2020;CZ052;From 70 to 74 years;18776;Females
2020;CZ052;From 75 to 79 years;13353;Females
2020;CZ052;From 80 to 84 years;8148;Females
2020;CZ052;From 85 to 89 years;5517;Females
2020;CZ052;85 years or over;8269;Females
2020;CZ052;90 years or over;2752;Females
2021;CZ052;Less than 5 years;13592;Females
2021;CZ052;From 5 to 9 years;13395;Females
2021;CZ052;From 10 to 14 years;15007;Females
2021;CZ052;From 15 to 19 years;12440;Females
2021;CZ052;From 20 to 24 years;12229;Females
2021;CZ052;From 25 to 29 years;15042;Females
2021;CZ052;From 30 to 34 years;16372;Females
2021;CZ052;From 35 to 39 years;17007;Females
2021;CZ052;From 40 to 44 years;21110;Females
2021;CZ052;From 45 to 49 years;21864;Females
2021;CZ052;From 50 to 54 years;17538;Females
2021;CZ052;From 55 to 59 years;17096;Females
2021;CZ052;From 60 to 64 years;16719;Females
2021;CZ052;From 65 to 69 years;19861;Females
2021;CZ052;From 70 to 74 years;19462;Females
2021;CZ052;From 75 to 79 years;13783;Females
2021;CZ052;From 80 to 84 years;8482;Females
2021;CZ052;From 85 to 89 years;5285;Females
2021;CZ052;85 years or over;8124;Females
2021;CZ052;90 years or over;2839;Females
2020;CZ052;From 65 to 69 years;17581;Males
2020;CZ052;From 70 to 74 years;14978;Males
2020;CZ052;From 75 to 79 years;9402;Males
2020;CZ052;From 80 to 84 years;4896;Males
2020;CZ052;From 85 to 89 years;2897;Males
2020;CZ052;From 55 to 59 years;16625;Males
2020;CZ052;85 years or over;3885;Males
2020;CZ052;90 years or over;988;Males
2021;CZ052;Less than 5 years;14314;Males
2021;CZ052;From 5 to 9 years;14025;Males
2021;CZ052;From 10 to 14 years;15790;Males
2021;CZ052;From 15 to 19 years;13271;Males
2021;CZ052;From 20 to 24 years;13301;Males
2021;CZ052;From 25 to 29 years;16351;Males
2021;CZ052;From 30 to 34 years;17731;Males
2021;CZ052;From 35 to 39 years;18316;Males
2021;CZ052;From 40 to 44 years;22552;Males
2021;CZ052;From 45 to 49 years;23057;Males
2021;CZ052;From 50 to 54 years;18150;Males
2021;CZ052;From 55 to 59 years;17118;Males
2021;CZ052;From 60 to 64 years;16246;Males
2021;CZ052;From 65 to 69 years;17337;Males
2021;CZ052;From 70 to 74 years;15514;Males
2021;CZ052;From 75 to 79 years;9733;Males
2021;CZ052;From 80 to 84 years;5086;Males
2021;CZ052;From 85 to 89 years;2753;Males
2021;CZ052;85 years or over;3788;Males
2021;CZ052;90 years or over;1035;Males
2019;CZ052;From 10 to 14 years;14044;Females
2020;CZ052;From 60 to 64 years;17046;Males
2019;CZ052;Less than 5 years;13621;Females
2019;CZ052;From 5 to 9 years;14018;Females
2019;CZ053;Less than 5 years;13973;Males
2019;CZ053;From 5 to 9 years;14024;Males
2019;CZ053;From 10 to 14 years;14016;Males
2019;CZ053;From 15 to 19 years;12357;Males
2019;CZ053;From 20 to 24 years;13361;Males
2019;CZ053;From 25 to 29 years;17336;Males
2019;CZ053;From 30 to 34 years;17865;Males
2019;CZ053;From 35 to 39 years;19293;Males
2019;CZ053;From 40 to 44 years;23405;Males
2019;CZ053;From 45 to 49 years;19678;Males
2019;CZ053;From 50 to 54 years;16650;Males
2019;CZ053;From 55 to 59 years;15209;Males
2019;CZ053;From 60 to 64 years;16589;Males
2019;CZ053;From 65 to 69 years;15912;Males
2019;CZ053;From 70 to 74 years;12862;Males
2019;CZ053;From 75 to 79 years;7783;Males
2019;CZ053;From 80 to 84 years;4316;Males
2019;CZ053;From 85 to 89 years;2491;Males
2019;CZ053;85 years or over;3319;Males
2019;CZ053;90 years or over;828;Males
2020;CZ053;Less than 5 years;14217;Males
2020;CZ053;From 5 to 9 years;13928;Males
2020;CZ053;From 10 to 14 years;14436;Males
2020;CZ053;From 15 to 19 years;12482;Males
2020;CZ053;From 20 to 24 years;13186;Males
2020;CZ053;From 25 to 29 years;17097;Males
2020;CZ053;From 30 to 34 years;17843;Males
2020;CZ053;From 35 to 39 years;18673;Males
2020;CZ053;From 40 to 44 years;23080;Males
2020;CZ053;From 45 to 49 years;21004;Males
2020;CZ053;From 50 to 54 years;16737;Males
2020;CZ053;From 55 to 59 years;15821;Males
2020;CZ053;From 60 to 64 years;15891;Males
2020;CZ053;From 65 to 69 years;16007;Males
2020;CZ053;From 70 to 74 years;13165;Males
2020;CZ053;From 75 to 79 years;8233;Males
2020;CZ053;From 80 to 84 years;4481;Males
2020;CZ053;From 85 to 89 years;2498;Males
2020;CZ053;85 years or over;3413;Males
2020;CZ053;90 years or over;915;Males
2021;CZ053;Less than 5 years;14252;Males
2021;CZ053;From 5 to 9 years;13736;Males
2021;CZ053;From 10 to 14 years;14895;Males
2021;CZ053;From 15 to 19 years;12627;Males
2021;CZ053;From 20 to 24 years;12971;Males
2021;CZ053;From 25 to 29 years;16391;Males
2021;CZ053;From 30 to 34 years;17722;Males
2021;CZ053;From 35 to 39 years;18416;Males
2021;CZ053;From 40 to 44 years;22223;Males
2021;CZ053;From 45 to 49 years;22220;Males
2021;CZ053;From 50 to 54 years;16937;Males
2021;CZ053;From 55 to 59 years;16211;Males
2021;CZ053;From 60 to 64 years;15181;Males
2021;CZ053;From 65 to 69 years;15938;Males
2021;CZ053;From 70 to 74 years;13729;Males
2021;CZ053;From 75 to 79 years;8388;Males
2021;CZ053;From 80 to 84 years;4576;Males
2021;CZ053;From 85 to 89 years;2426;Males
2021;CZ053;85 years or over;3376;Males
2021;CZ053;90 years or over;950;Males
2019;CZ053;Less than 5 years;13288;Females
2019;CZ053;From 5 to 9 years;13601;Females
2019;CZ053;From 10 to 14 years;13161;Females
2019;CZ053;From 15 to 19 years;11390;Females
2019;CZ053;From 20 to 24 years;12431;Females
2019;CZ053;From 25 to 29 years;15899;Females
2019;CZ053;From 30 to 34 years;16363;Females
2019;CZ053;From 35 to 39 years;17333;Females
2019;CZ053;From 40 to 44 years;21707;Females
2019;CZ053;From 45 to 49 years;18568;Females
2019;CZ053;From 50 to 54 years;16273;Females
2019;CZ053;From 55 to 59 years;15299;Females
2019;CZ053;From 60 to 64 years;17469;Females
2019;CZ053;From 65 to 69 years;17894;Females
2019;CZ053;From 70 to 74 years;15919;Females
2019;CZ053;From 75 to 79 years;10972;Females
2019;CZ053;From 80 to 84 years;7527;Females
2019;CZ053;From 85 to 89 years;5145;Females
2019;CZ053;85 years or over;7274;Females
2019;CZ053;90 years or over;2129;Females
2020;CZ053;Less than 5 years;13321;Females
2020;CZ053;From 5 to 9 years;13405;Females
2020;CZ053;From 10 to 14 years;13703;Females
2020;CZ053;From 15 to 19 years;11485;Females
2020;CZ053;From 20 to 24 years;12045;Females
2020;CZ053;From 25 to 29 years;15541;Females
2020;CZ053;From 30 to 34 years;16291;Females
2020;CZ053;From 35 to 39 years;16680;Females
2020;CZ053;From 40 to 44 years;21370;Females
2020;CZ053;From 45 to 49 years;19720;Females
2020;CZ053;From 50 to 54 years;16235;Females
2020;CZ053;From 55 to 59 years;15752;Females
2020;CZ053;From 60 to 64 years;16634;Females
2020;CZ053;From 65 to 69 years;18047;Females
2020;CZ053;From 70 to 74 years;16235;Females
2020;CZ053;From 75 to 79 years;11551;Females
2020;CZ053;From 80 to 84 years;7574;Females
2020;CZ053;From 85 to 89 years;5132;Females
2020;CZ053;85 years or over;7379;Females
2020;CZ053;90 years or over;2247;Females
2021;CZ053;Less than 5 years;13468;Females
2021;CZ053;From 5 to 9 years;13171;Females
2021;CZ053;From 10 to 14 years;14097;Females
2021;CZ053;From 15 to 19 years;11715;Females
2021;CZ053;From 20 to 24 years;11887;Females
2021;CZ053;From 25 to 29 years;14755;Females
2021;CZ053;From 30 to 34 years;16208;Females
2021;CZ053;From 35 to 39 years;16571;Females
2021;CZ053;From 40 to 44 years;20461;Females
2021;CZ053;From 45 to 49 years;20739;Females
2021;CZ053;From 50 to 54 years;16308;Females
2021;CZ053;From 55 to 59 years;16187;Females
2021;CZ053;From 60 to 64 years;15876;Females
2021;CZ053;From 65 to 69 years;17992;Females
2021;CZ053;From 70 to 74 years;16748;Females
2021;CZ053;From 75 to 79 years;11785;Females
2021;CZ053;From 80 to 84 years;7799;Females
2021;CZ053;From 85 to 89 years;5028;Females
2021;CZ053;85 years or over;7300;Females
2021;CZ053;90 years or over;2272;Females
2019;CZ063;Less than 5 years;13477;Males
2019;CZ063;From 5 to 9 years;13309;Males
2019;CZ063;From 10 to 14 years;13528;Males
2019;CZ063;From 15 to 19 years;11987;Males
2019;CZ063;From 20 to 24 years;13367;Males
2019;CZ063;From 25 to 29 years;17000;Males
2019;CZ063;From 30 to 34 years;17060;Males
2019;CZ063;From 35 to 39 years;18434;Males
2019;CZ063;From 40 to 44 years;21770;Males
2019;CZ063;From 45 to 49 years;18967;Males
2019;CZ063;From 50 to 54 years;17144;Males
2019;CZ063;From 55 to 59 years;16308;Males
2019;CZ063;From 60 to 64 years;16938;Males
2019;CZ063;From 65 to 69 years;15495;Males
2019;CZ063;From 70 to 74 years;12672;Males
2019;CZ063;From 75 to 79 years;7773;Males
2019;CZ063;From 80 to 84 years;4631;Males
2019;CZ063;From 85 to 89 years;2436;Males
2019;CZ063;85 years or over;3201;Males
2019;CZ063;90 years or over;765;Males
2020;CZ063;Less than 5 years;13496;Males
2020;CZ063;From 5 to 9 years;13267;Males
2020;CZ063;From 10 to 14 years;13865;Males
2020;CZ063;From 15 to 19 years;12114;Males
2020;CZ063;From 20 to 24 years;12824;Males
2020;CZ063;From 25 to 29 years;16686;Males
2020;CZ063;From 30 to 34 years;17066;Males
2020;CZ063;From 35 to 39 years;17900;Males
2020;CZ063;From 40 to 44 years;21395;Males
2020;CZ063;From 45 to 49 years;19985;Males
2020;CZ063;From 50 to 54 years;16968;Males
2020;CZ063;From 55 to 59 years;16703;Males
2020;CZ063;From 60 to 64 years;16756;Males
2020;CZ063;From 65 to 69 years;15396;Males
2020;CZ063;From 70 to 74 years;13051;Males
2020;CZ063;From 75 to 79 years;8220;Males
2020;CZ063;From 80 to 84 years;4714;Males
2020;CZ063;From 85 to 89 years;2420;Males
2020;CZ063;85 years or over;3243;Males
2020;CZ063;90 years or over;823;Males
2021;CZ063;Less than 5 years;13728;Males
2021;CZ063;From 5 to 9 years;13101;Males
2021;CZ063;From 10 to 14 years;14015;Males
2021;CZ063;From 15 to 19 years;12316;Males
2021;CZ063;From 20 to 24 years;12509;Males
2021;CZ063;From 25 to 29 years;15882;Males
2021;CZ063;From 30 to 34 years;17008;Males
2021;CZ063;From 35 to 39 years;17554;Males
2021;CZ063;From 40 to 44 years;20621;Males
2021;CZ063;From 45 to 49 years;20971;Males
2021;CZ063;From 50 to 54 years;16980;Males
2021;CZ063;From 55 to 59 years;16895;Males
2021;CZ063;From 60 to 64 years;16242;Males
2021;CZ063;From 65 to 69 years;15595;Males
2021;CZ063;From 70 to 74 years;13468;Males
2021;CZ063;From 75 to 79 years;8353;Males
2021;CZ063;From 80 to 84 years;4750;Males
2021;CZ063;From 85 to 89 years;2357;Males
2021;CZ063;85 years or over;3165;Males
2021;CZ063;90 years or over;808;Males
2019;CZ063;Less than 5 years;12964;Females
2019;CZ063;From 5 to 9 years;12594;Females
2019;CZ063;From 10 to 14 years;12748;Females
2019;CZ063;From 15 to 19 years;11387;Females
2019;CZ063;From 20 to 24 years;12493;Females
2019;CZ063;From 25 to 29 years;15789;Females
2019;CZ063;From 30 to 34 years;15494;Females
2019;CZ063;From 35 to 39 years;16500;Females
2019;CZ063;From 40 to 44 years;20403;Females
2019;CZ063;From 45 to 49 years;17954;Females
2019;CZ063;From 50 to 54 years;16426;Females
2019;CZ063;From 55 to 59 years;15706;Females
2019;CZ063;From 60 to 64 years;17014;Females
2019;CZ063;From 65 to 69 years;16836;Females
2019;CZ063;From 70 to 74 years;15591;Females
2019;CZ063;From 75 to 79 years;11156;Females
2019;CZ063;From 80 to 84 years;7880;Females
2019;CZ063;From 85 to 89 years;5040;Females
2019;CZ063;85 years or over;7278;Females
2019;CZ063;90 years or over;2238;Females
2020;CZ063;Less than 5 years;13082;Females
2020;CZ063;From 5 to 9 years;12481;Females
2020;CZ063;From 10 to 14 years;13083;Females
2020;CZ063;From 15 to 19 years;11513;Females
2020;CZ063;From 20 to 24 years;11944;Females
2020;CZ063;From 25 to 29 years;15410;Females
2020;CZ063;From 30 to 34 years;15322;Females
2020;CZ063;From 35 to 39 years;16004;Females
2020;CZ063;From 40 to 44 years;19760;Females
2020;CZ063;From 45 to 49 years;18994;Females
2020;CZ063;From 50 to 54 years;16172;Females
2020;CZ063;From 55 to 59 years;16111;Females
2020;CZ063;From 60 to 64 years;16621;Females
2020;CZ063;From 65 to 69 years;16818;Females
2020;CZ063;From 70 to 74 years;15894;Females
2020;CZ063;From 75 to 79 years;11613;Females
2020;CZ063;From 80 to 84 years;7994;Females
2020;CZ063;From 85 to 89 years;5033;Females
2020;CZ063;85 years or over;7348;Females
2020;CZ063;90 years or over;2315;Females
2021;CZ063;Less than 5 years;13048;Females
2021;CZ063;From 5 to 9 years;12449;Females
2021;CZ063;From 10 to 14 years;13310;Females
2021;CZ063;From 15 to 19 years;11722;Females
2021;CZ063;From 20 to 24 years;11719;Females
2021;CZ063;From 25 to 29 years;14614;Females
2021;CZ063;From 30 to 34 years;15178;Females
2021;CZ063;From 35 to 39 years;15822;Females
2021;CZ063;From 40 to 44 years;18942;Females
2021;CZ063;From 45 to 49 years;19832;Females
2021;CZ063;From 50 to 54 years;16191;Females
2021;CZ063;From 55 to 59 years;16440;Females
2021;CZ063;From 60 to 64 years;16015;Females
2021;CZ063;From 65 to 69 years;16852;Females
2021;CZ063;From 70 to 74 years;16182;Females
2021;CZ063;From 75 to 79 years;11905;Females
2021;CZ063;From 80 to 84 years;8206;Females
2021;CZ063;From 85 to 89 years;4940;Females
2021;CZ063;85 years or over;7272;Females
2021;CZ063;90 years or over;2332;Females
2019;CZ064;From 15 to 19 years;24356;Females
2019;CZ064;Less than 5 years;32412;Females
2019;CZ064;From 5 to 9 years;31074;Females
2019;CZ064;From 10 to 14 years;28932;Females
2019;CZ064;From 20 to 24 years;26504;Females
2019;CZ064;From 25 to 29 years;36953;Females
2019;CZ064;From 30 to 34 years;40752;Females
2019;CZ064;From 35 to 39 years;44267;Females
2019;CZ064;From 40 to 44 years;50282;Females
2019;CZ064;From 45 to 49 years;41550;Females
2019;CZ064;From 50 to 54 years;37212;Females
2019;CZ064;From 55 to 59 years;34692;Females
2019;CZ064;From 60 to 64 years;39168;Females
2019;CZ064;From 65 to 69 years;39301;Females
2019;CZ064;From 70 to 74 years;36657;Females
2019;CZ064;From 75 to 79 years;26343;Females
2019;CZ064;From 80 to 84 years;17032;Females
2019;CZ064;From 85 to 89 years;11723;Females
2019;CZ064;85 years or over;17664;Females
2019;CZ064;90 years or over;5941;Females
2020;CZ064;Less than 5 years;32668;Females
2020;CZ064;From 5 to 9 years;30753;Females
2020;CZ064;From 10 to 14 years;30264;Females
2020;CZ064;From 15 to 19 years;24917;Females
2020;CZ064;From 20 to 24 years;25294;Females
2020;CZ064;From 25 to 29 years;35830;Females
2020;CZ064;From 30 to 34 years;40459;Females
2020;CZ064;From 35 to 39 years;42896;Females
2020;CZ064;From 40 to 44 years;49690;Females
2020;CZ064;From 45 to 49 years;44271;Females
2020;CZ064;From 50 to 54 years;36816;Females
2020;CZ064;From 55 to 59 years;35797;Females
2020;CZ064;From 60 to 64 years;37552;Females
2020;CZ064;From 65 to 69 years;39388;Females
2020;CZ064;From 70 to 74 years;37119;Females
2020;CZ064;From 75 to 79 years;27847;Females
2020;CZ064;From 80 to 84 years;17442;Females
2020;CZ064;From 85 to 89 years;11621;Females
2020;CZ064;85 years or over;17732;Females
2020;CZ064;90 years or over;6111;Females
2021;CZ064;Less than 5 years;32556;Females
2021;CZ064;From 5 to 9 years;30737;Females
2021;CZ064;From 10 to 14 years;31149;Females
2021;CZ064;From 15 to 19 years;25657;Females
2021;CZ064;From 20 to 24 years;24842;Females
2021;CZ064;From 25 to 29 years;34247;Females
2021;CZ064;From 30 to 34 years;40311;Females
2021;CZ064;From 35 to 39 years;42444;Females
2021;CZ064;From 40 to 44 years;48326;Females
2021;CZ064;From 45 to 49 years;46616;Females
2021;CZ064;From 50 to 54 years;37224;Females
2021;CZ064;From 55 to 59 years;36554;Females
2021;CZ064;From 60 to 64 years;35938;Females
2021;CZ064;From 65 to 69 years;39310;Females
2021;CZ064;From 70 to 74 years;37944;Females
2021;CZ064;From 75 to 79 years;28439;Females
2021;CZ064;From 80 to 84 years;18109;Females
2021;CZ064;From 85 to 89 years;11236;Females
2021;CZ064;85 years or over;17462;Females
2021;CZ064;90 years or over;6226;Females
2020;CZ064;From 50 to 54 years;38559;Males
2020;CZ064;From 55 to 59 years;36123;Males
2020;CZ064;From 60 to 64 years;35286;Males
2020;CZ064;From 65 to 69 years;34033;Males
2020;CZ064;From 70 to 74 years;28440;Males
2020;CZ064;From 75 to 79 years;19361;Males
2020;CZ064;From 80 to 84 years;9864;Males
2020;CZ064;From 85 to 89 years;5327;Males
2020;CZ064;85 years or over;7394;Males
2020;CZ064;90 years or over;2067;Males
2021;CZ064;Less than 5 years;34166;Males
2021;CZ064;From 5 to 9 years;32208;Males
2021;CZ064;From 10 to 14 years;32604;Males
2021;CZ064;From 15 to 19 years;26992;Males
2021;CZ064;From 20 to 24 years;26397;Males
2021;CZ064;From 25 to 29 years;36000;Males
2021;CZ064;From 30 to 34 years;42184;Males
2021;CZ064;From 35 to 39 years;45763;Males
2021;CZ064;From 40 to 44 years;51532;Males
2021;CZ064;From 45 to 49 years;49101;Males
2021;CZ064;From 50 to 54 years;38617;Males
2021;CZ064;From 55 to 59 years;37097;Males
2021;CZ064;From 60 to 64 years;34168;Males
2021;CZ064;From 65 to 69 years;34044;Males
2021;CZ064;From 70 to 74 years;29281;Males
2021;CZ064;From 75 to 79 years;19604;Males
2021;CZ064;From 80 to 84 years;10351;Males
2021;CZ064;From 85 to 89 years;5215;Males
2021;CZ064;85 years or over;7353;Males
2021;CZ064;90 years or over;2138;Males
2020;CZ064;From 45 to 49 years;46463;Males
2019;CZ064;Less than 5 years;33877;Males
2019;CZ064;From 5 to 9 years;32408;Males
2019;CZ064;From 10 to 14 years;30450;Males
2019;CZ064;From 15 to 19 years;25761;Males
2019;CZ064;From 20 to 24 years;27525;Males
2019;CZ064;From 25 to 29 years;38514;Males
2019;CZ064;From 30 to 34 years;43402;Males
2019;CZ064;From 35 to 39 years;46784;Males
2019;CZ064;From 40 to 44 years;53188;Males
2019;CZ064;From 45 to 49 years;43754;Males
2019;CZ064;From 50 to 54 years;38891;Males
2019;CZ064;From 55 to 59 years;34916;Males
2019;CZ064;From 60 to 64 years;36227;Males
2019;CZ064;From 65 to 69 years;33810;Males
2019;CZ064;From 70 to 74 years;28013;Males
2019;CZ064;From 75 to 79 years;18153;Males
2019;CZ064;From 80 to 84 years;9605;Males
2019;CZ064;From 85 to 89 years;5272;Males
2019;CZ064;85 years or over;7238;Males
2019;CZ064;90 years or over;1966;Males
2020;CZ064;Less than 5 years;33988;Males
2020;CZ064;From 5 to 9 years;32363;Males
2020;CZ064;From 10 to 14 years;31564;Males
2020;CZ064;From 15 to 19 years;26353;Males
2020;CZ064;From 20 to 24 years;26670;Males
2020;CZ064;From 25 to 29 years;37632;Males
2020;CZ064;From 30 to 34 years;42626;Males
2020;CZ064;From 35 to 39 years;45861;Males
2020;CZ064;From 40 to 44 years;52674;Males
2019;CZ071;90 years or over;902;Males
2020;CZ071;Less than 5 years;16773;Males
2020;CZ071;From 5 to 9 years;16381;Males
2020;CZ071;From 10 to 14 years;17395;Males
2020;CZ071;From 15 to 19 years;14641;Males
2020;CZ071;From 20 to 24 years;14643;Males
2020;CZ071;From 25 to 29 years;19887;Males
2020;CZ071;From 30 to 34 years;20890;Males
2020;CZ071;From 35 to 39 years;21989;Males
2020;CZ071;From 40 to 44 years;27621;Males
2020;CZ071;From 45 to 49 years;24977;Males
2020;CZ071;From 50 to 54 years;20675;Males
2020;CZ071;From 55 to 59 years;19775;Males
2020;CZ071;From 60 to 64 years;19502;Males
2020;CZ071;From 65 to 69 years;19410;Males
2020;CZ071;From 70 to 74 years;15768;Males
2020;CZ071;From 75 to 79 years;10078;Males
2020;CZ071;From 80 to 84 years;5415;Males
2020;CZ071;From 85 to 89 years;2823;Males
2020;CZ071;85 years or over;3783;Males
2020;CZ071;90 years or over;960;Males
2021;CZ071;Less than 5 years;16726;Males
2021;CZ071;From 5 to 9 years;16213;Males
2021;CZ071;From 10 to 14 years;17764;Males
2021;CZ071;From 15 to 19 years;14959;Males
2021;CZ071;From 20 to 24 years;14494;Males
2021;CZ071;From 25 to 29 years;18568;Males
2021;CZ071;From 30 to 34 years;20888;Males
2021;CZ071;From 35 to 39 years;21400;Males
2021;CZ071;From 40 to 44 years;26532;Males
2021;CZ071;From 45 to 49 years;26516;Males
2021;CZ071;From 50 to 54 years;20446;Males
2021;CZ071;From 55 to 59 years;20110;Males
2021;CZ071;From 60 to 64 years;18883;Males
2021;CZ071;From 65 to 69 years;19365;Males
2021;CZ071;From 70 to 74 years;16500;Males
2021;CZ071;From 75 to 79 years;10062;Males
2021;CZ071;From 80 to 84 years;5612;Males
2021;CZ071;From 85 to 89 years;2707;Males
2021;CZ071;85 years or over;3680;Males
2021;CZ071;90 years or over;973;Males
2019;CZ071;Less than 5 years;15895;Females
2019;CZ071;From 5 to 9 years;16134;Females
2019;CZ071;From 10 to 14 years;16101;Females
2019;CZ071;From 15 to 19 years;13732;Females
2019;CZ071;From 20 to 24 years;14639;Females
2019;CZ071;From 25 to 29 years;19484;Females
2019;CZ071;From 30 to 34 years;19730;Females
2019;CZ071;From 35 to 39 years;21581;Females
2019;CZ071;From 40 to 44 years;26673;Females
2019;CZ071;From 45 to 49 years;22570;Females
2019;CZ071;From 50 to 54 years;20096;Females
2019;CZ071;From 55 to 59 years;19351;Females
2019;CZ071;From 60 to 64 years;21864;Females
2019;CZ071;From 65 to 69 years;22271;Females
2019;CZ071;From 70 to 74 years;20135;Females
2019;CZ071;From 75 to 79 years;14201;Females
2019;CZ071;From 80 to 84 years;9358;Females
2019;CZ071;From 85 to 89 years;6158;Females
2019;CZ071;85 years or over;9057;Females
2019;CZ071;90 years or over;2899;Females
2020;CZ071;Less than 5 years;15886;Females
2020;CZ071;From 5 to 9 years;15649;Females
2020;CZ071;From 10 to 14 years;16722;Females
2020;CZ071;From 15 to 19 years;13933;Females
2020;CZ071;From 20 to 24 years;14117;Females
2020;CZ071;From 25 to 29 years;18778;Females
2020;CZ071;From 30 to 34 years;19631;Females
2020;CZ071;From 35 to 39 years;20633;Females
2020;CZ071;From 40 to 44 years;25863;Females
2020;CZ071;From 45 to 49 years;23973;Females
2020;CZ071;From 50 to 54 years;20027;Females
2020;CZ071;From 55 to 59 years;19733;Females
2020;CZ071;From 60 to 64 years;20986;Females
2020;CZ071;From 65 to 69 years;22219;Females
2020;CZ071;From 70 to 74 years;20660;Females
2020;CZ071;From 75 to 79 years;14933;Females
2020;CZ071;From 80 to 84 years;9532;Females
2020;CZ071;From 85 to 89 years;6152;Females
2020;CZ071;85 years or over;9137;Females
2020;CZ071;90 years or over;2985;Females
2021;CZ071;Less than 5 years;16041;Females
2021;CZ071;From 5 to 9 years;15364;Females
2021;CZ071;From 10 to 14 years;17151;Females
2021;CZ071;From 15 to 19 years;14335;Females
2021;CZ071;From 20 to 24 years;13778;Females
2021;CZ071;From 25 to 29 years;17782;Females
2021;CZ071;From 30 to 34 years;19580;Females
2021;CZ071;From 35 to 39 years;20143;Females
2021;CZ071;From 40 to 44 years;24676;Females
2021;CZ071;From 45 to 49 years;25221;Females
2021;CZ071;From 50 to 54 years;20114;Females
2021;CZ071;From 55 to 59 years;20000;Females
2021;CZ071;From 60 to 64 years;20123;Females
2021;CZ071;From 65 to 69 years;22079;Females
2021;CZ071;From 70 to 74 years;21291;Females
2021;CZ071;From 75 to 79 years;15231;Females
2021;CZ071;From 80 to 84 years;9870;Females
2021;CZ071;From 85 to 89 years;6001;Females
2021;CZ071;85 years or over;9025;Females
2021;CZ071;90 years or over;3024;Females
2019;CZ071;From 15 to 19 years;14513;Males
2019;CZ071;Less than 5 years;16798;Males
2019;CZ071;From 5 to 9 years;16749;Males
2019;CZ071;From 10 to 14 years;16684;Males
2019;CZ071;From 20 to 24 years;15288;Males
2019;CZ071;From 25 to 29 years;20545;Males
2019;CZ071;From 30 to 34 years;20965;Males
2019;CZ071;From 35 to 39 years;22922;Males
2019;CZ071;From 40 to 44 years;28311;Males
2019;CZ071;From 45 to 49 years;23469;Males
2019;CZ071;From 50 to 54 years;20878;Males
2019;CZ071;From 55 to 59 years;19254;Males
2019;CZ071;From 60 to 64 years;20248;Males
2019;CZ071;From 65 to 69 years;19245;Males
2019;CZ071;From 70 to 74 years;15247;Males
2019;CZ071;From 75 to 79 years;9540;Males
2019;CZ071;From 80 to 84 years;5253;Males
2019;CZ071;From 85 to 89 years;2809;Males
2019;CZ071;85 years or over;3711;Males
2019;CZ072;Less than 5 years;14395;Females
2019;CZ072;From 5 to 9 years;14066;Females
2019;CZ072;From 10 to 14 years;14305;Females
2019;CZ072;From 15 to 19 years;12715;Females
2019;CZ072;From 20 to 24 years;13494;Females
2019;CZ072;From 25 to 29 years;17848;Females
2019;CZ072;From 30 to 34 years;17981;Females
2019;CZ072;From 35 to 39 years;19301;Females
2019;CZ072;From 40 to 44 years;23951;Females
2019;CZ072;From 45 to 49 years;20760;Females
2019;CZ072;From 50 to 54 years;19149;Females
2019;CZ072;From 55 to 59 years;18661;Females
2019;CZ072;From 60 to 64 years;20227;Females
2019;CZ072;From 65 to 69 years;20492;Females
2019;CZ072;From 70 to 74 years;18096;Females
2019;CZ072;From 75 to 79 years;13389;Females
2019;CZ072;From 80 to 84 years;9365;Females
2019;CZ072;From 85 to 89 years;6123;Females
2019;CZ072;85 years or over;8843;Females
2019;CZ072;90 years or over;2720;Females
2020;CZ072;Less than 5 years;14340;Females
2020;CZ072;From 5 to 9 years;13828;Females
2020;CZ072;From 10 to 14 years;14776;Females
2020;CZ072;From 15 to 19 years;12698;Females
2020;CZ072;From 20 to 24 years;13022;Females
2020;CZ072;From 25 to 29 years;17214;Females
2020;CZ072;From 30 to 34 years;17791;Females
2020;CZ072;From 35 to 39 years;18565;Females
2020;CZ072;From 40 to 44 years;23382;Females
2020;CZ072;From 45 to 49 years;21892;Females
2020;CZ072;From 50 to 54 years;18767;Females
2020;CZ072;From 55 to 59 years;19184;Females
2020;CZ072;From 60 to 64 years;19459;Females
2020;CZ072;From 65 to 69 years;20643;Females
2020;CZ072;From 70 to 74 years;18468;Females
2020;CZ072;From 75 to 79 years;13887;Females
2020;CZ072;From 80 to 84 years;9567;Females
2020;CZ072;From 85 to 89 years;6266;Females
2020;CZ072;85 years or over;9123;Females
2020;CZ072;90 years or over;2857;Females
2021;CZ072;Less than 5 years;14344;Females
2021;CZ072;From 5 to 9 years;13706;Females
2021;CZ072;From 10 to 14 years;14987;Females
2021;CZ072;From 15 to 19 years;13049;Females
2021;CZ072;From 20 to 24 years;12725;Females
2021;CZ072;From 25 to 29 years;16298;Females
2021;CZ072;From 30 to 34 years;17670;Females
2021;CZ072;From 35 to 39 years;18233;Females
2021;CZ072;From 40 to 44 years;22307;Females
2021;CZ072;From 45 to 49 years;22925;Females
2021;CZ072;From 50 to 54 years;18739;Females
2021;CZ072;From 55 to 59 years;19468;Females
2021;CZ072;From 60 to 64 years;18796;Females
2021;CZ072;From 65 to 69 years;20511;Females
2021;CZ072;From 70 to 74 years;18945;Females
2021;CZ072;From 75 to 79 years;14115;Females
2021;CZ072;From 80 to 84 years;9761;Females
2021;CZ072;From 85 to 89 years;6099;Females
2021;CZ072;85 years or over;8955;Females
2021;CZ072;90 years or over;2856;Females
2019;CZ072;Less than 5 years;14980;Males
2019;CZ072;From 5 to 9 years;14989;Males
2019;CZ072;From 10 to 14 years;15223;Males
2019;CZ072;From 15 to 19 years;13524;Males
2019;CZ072;From 20 to 24 years;14291;Males
2019;CZ072;From 25 to 29 years;18911;Males
2019;CZ072;From 30 to 34 years;19726;Males
2019;CZ072;From 35 to 39 years;21310;Males
2019;CZ072;From 40 to 44 years;25251;Males
2019;CZ072;From 45 to 49 years;22001;Males
2019;CZ072;From 50 to 54 years;19637;Males
2019;CZ072;From 55 to 59 years;18554;Males
2019;CZ072;From 60 to 64 years;19086;Males
2019;CZ072;From 65 to 69 years;17408;Males
2019;CZ072;From 70 to 74 years;13800;Males
2019;CZ072;From 75 to 79 years;8722;Males
2019;CZ072;From 80 to 84 years;5055;Males
2019;CZ072;From 85 to 89 years;2560;Males
2019;CZ072;85 years or over;3415;Males
2019;CZ072;90 years or over;855;Males
2020;CZ072;Less than 5 years;15120;Males
2020;CZ072;From 5 to 9 years;14683;Males
2020;CZ072;From 10 to 14 years;15664;Males
2020;CZ072;From 15 to 19 years;13568;Males
2020;CZ072;From 20 to 24 years;13724;Males
2020;CZ072;From 25 to 29 years;18413;Males
2020;CZ072;From 30 to 34 years;19492;Males
2020;CZ072;From 35 to 39 years;20437;Males
2020;CZ072;From 40 to 44 years;24798;Males
2020;CZ072;From 45 to 49 years;23289;Males
2020;CZ072;From 50 to 54 years;19344;Males
2020;CZ072;From 55 to 59 years;19134;Males
2020;CZ072;From 60 to 64 years;18632;Males
2020;CZ072;From 65 to 69 years;17567;Males
2020;CZ072;From 70 to 74 years;14170;Males
2020;CZ072;From 75 to 79 years;9188;Males
2020;CZ072;From 80 to 84 years;5142;Males
2020;CZ072;From 85 to 89 years;2668;Males
2020;CZ072;85 years or over;3584;Males
2020;CZ072;90 years or over;916;Males
2021;CZ072;Less than 5 years;15170;Males
2021;CZ072;From 5 to 9 years;14478;Males
2021;CZ072;From 10 to 14 years;15958;Males
2021;CZ072;From 15 to 19 years;13723;Males
2021;CZ072;From 20 to 24 years;13594;Males
2021;CZ072;From 25 to 29 years;17354;Males
2021;CZ072;From 30 to 34 years;19308;Males
2021;CZ072;From 35 to 39 years;20030;Males
2021;CZ072;From 40 to 44 years;23703;Males
2021;CZ072;From 45 to 49 years;24291;Males
2021;CZ072;From 50 to 54 years;19382;Males
2021;CZ072;From 55 to 59 years;19268;Males
2021;CZ072;From 60 to 64 years;18081;Males
2021;CZ072;From 65 to 69 years;17513;Males
2021;CZ072;From 70 to 74 years;14663;Males
2021;CZ072;From 75 to 79 years;9214;Males
2021;CZ072;From 80 to 84 years;5304;Males
2021;CZ072;From 85 to 89 years;2635;Males
2021;CZ072;85 years or over;3551;Males
2021;CZ072;90 years or over;916;Males
2020;CZ080;85 years or over;6107;Males
2019;CZ080;Less than 5 years;30979;Males
2019;CZ080;From 5 to 9 years;31237;Males
2019;CZ080;From 10 to 14 years;32015;Males
2019;CZ080;From 15 to 19 years;27945;Males
2019;CZ080;From 20 to 24 years;30450;Males
2019;CZ080;From 25 to 29 years;40414;Males
2019;CZ080;From 30 to 34 years;41784;Males
2019;CZ080;From 35 to 39 years;42999;Males
2019;CZ080;From 40 to 44 years;51007;Males
2019;CZ080;From 45 to 49 years;45713;Males
2019;CZ080;From 50 to 54 years;42649;Males
2019;CZ080;From 55 to 59 years;38593;Males
2019;CZ080;From 60 to 64 years;38067;Males
2019;CZ080;From 65 to 69 years;35617;Males
2019;CZ080;From 70 to 74 years;27219;Males
2019;CZ080;From 75 to 79 years;18455;Males
2019;CZ080;From 80 to 84 years;9389;Males
2019;CZ080;From 85 to 89 years;4537;Males
2019;CZ080;85 years or over;5984;Males
2019;CZ080;90 years or over;1447;Males
2020;CZ080;Less than 5 years;31046;Males
2020;CZ080;From 5 to 9 years;30480;Males
2020;CZ080;From 10 to 14 years;32828;Males
2020;CZ080;From 15 to 19 years;28397;Males
2020;CZ080;From 20 to 24 years;29093;Males
2020;CZ080;From 25 to 29 years;38954;Males
2020;CZ080;From 30 to 34 years;41608;Males
2020;CZ080;From 35 to 39 years;41684;Males
2020;CZ080;From 40 to 44 years;49854;Males
2020;CZ080;From 45 to 49 years;47698;Males
2020;CZ080;From 50 to 54 years;41727;Males
2020;CZ080;From 55 to 59 years;40198;Males
2020;CZ080;From 60 to 64 years;37042;Males
2020;CZ080;From 65 to 69 years;35505;Males
2020;CZ080;From 70 to 74 years;28150;Males
2020;CZ080;From 75 to 79 years;19126;Males
2020;CZ080;From 80 to 84 years;9801;Males
2020;CZ080;From 85 to 89 years;4541;Males
2020;CZ080;90 years or over;1566;Males
2021;CZ080;Less than 5 years;30938;Males
2021;CZ080;From 5 to 9 years;29950;Males
2021;CZ080;From 10 to 14 years;33387;Males
2021;CZ080;From 15 to 19 years;28779;Males
2021;CZ080;From 20 to 24 years;28487;Males
2021;CZ080;From 25 to 29 years;36707;Males
2021;CZ080;From 30 to 34 years;41434;Males
2021;CZ080;From 35 to 39 years;40874;Males
2021;CZ080;From 40 to 44 years;47925;Males
2021;CZ080;From 45 to 49 years;48827;Males
2021;CZ080;From 50 to 54 years;40956;Males
2021;CZ080;From 55 to 59 years;40570;Males
2021;CZ080;From 60 to 64 years;35865;Males
2021;CZ080;From 65 to 69 years;34943;Males
2021;CZ080;From 70 to 74 years;29394;Males
2021;CZ080;From 75 to 79 years;18451;Males
2021;CZ080;From 80 to 84 years;10520;Males
2021;CZ080;From 85 to 89 years;4484;Males
2021;CZ080;85 years or over;6066;Males
2021;CZ080;90 years or over;1582;Males
2019;CZ080;Less than 5 years;29024;Females
2019;CZ080;From 5 to 9 years;29712;Females
2019;CZ080;From 10 to 14 years;30357;Females
2019;CZ080;From 15 to 19 years;26693;Females
2019;CZ080;From 20 to 24 years;28745;Females
2019;CZ080;From 25 to 29 years;38019;Females
2019;CZ080;From 30 to 34 years;38281;Females
2019;CZ080;From 35 to 39 years;39231;Females
2019;CZ080;From 40 to 44 years;48124;Females
2019;CZ080;From 45 to 49 years;43668;Females
2019;CZ080;From 50 to 54 years;41256;Females
2019;CZ080;From 55 to 59 years;38356;Females
2019;CZ080;From 60 to 64 years;41765;Females
2019;CZ080;From 65 to 69 years;42805;Females
2019;CZ080;From 70 to 74 years;37123;Females
2019;CZ080;From 75 to 79 years;28387;Females
2021;CZ080;From 30 to 34 years;38339;Females
2020;CZ080;From 30 to 34 years;38263;Females
2020;CZ080;From 35 to 39 years;37656;Females
2020;CZ080;From 40 to 44 years;46700;Females
2020;CZ080;From 45 to 49 years;45672;Females
2020;CZ080;From 50 to 54 years;40280;Females
2020;CZ080;From 55 to 59 years;39925;Females
2020;CZ080;From 60 to 64 years;40186;Females
2020;CZ080;From 65 to 69 years;42397;Females
2020;CZ080;From 70 to 74 years;37925;Females
2020;CZ080;From 75 to 79 years;29618;Females
2020;CZ080;From 80 to 84 years;16884;Females
2019;CZ080;From 80 to 84 years;16046;Females
2020;CZ080;From 85 to 89 years;10253;Females
2020;CZ080;85 years or over;15316;Females
2020;CZ080;90 years or over;5063;Females
2021;CZ080;Less than 5 years;29074;Females
2021;CZ080;From 5 to 9 years;28342;Females
2021;CZ080;From 10 to 14 years;32078;Females
2021;CZ080;From 15 to 19 years;27312;Females
2021;CZ080;From 20 to 24 years;27092;Females
2021;CZ080;From 25 to 29 years;34241;Females
2020;CZ080;From 25 to 29 years;36537;Females
2021;CZ080;From 35 to 39 years;37312;Females
2021;CZ080;From 40 to 44 years;44614;Females
2021;CZ080;From 45 to 49 years;47107;Females
2021;CZ080;From 50 to 54 years;39906;Females
2021;CZ080;From 55 to 59 years;40857;Females
2021;CZ080;From 60 to 64 years;38731;Females
2021;CZ080;From 65 to 69 years;41902;Females
2021;CZ080;From 70 to 74 years;39369;Females
2021;CZ080;From 75 to 79 years;29265;Females
2021;CZ080;From 80 to 84 years;18213;Females
2021;CZ080;From 85 to 89 years;9982;Females
2021;CZ080;85 years or over;15007;Females
2021;CZ080;90 years or over;5025;Females
2019;CZ080;85 years or over;15191;Females
2019;CZ080;90 years or over;4910;Females
2020;CZ080;Less than 5 years;28974;Females
2020;CZ080;From 5 to 9 years;29085;Females
2020;CZ080;From 10 to 14 years;31411;Females
2020;CZ080;From 15 to 19 years;26785;Females
2020;CZ080;From 20 to 24 years;27627;Females
2019;CZ080;From 85 to 89 years;10281;Females
